{"cameraMode":{"drawMode":0,"name":"Shaded","section":"Shading Mode"},"sceneLighting":false,"audioPlay":false,"sceneViewState":{"showFog":true,"showMaterialUpdate":false,"showSkybox":true,"showFlares":true,"showImageEffects":true,"showParticleSystems":true},"in2DMode":false,"pivot":{"x":0.24376392364501954,"y":0.5099999904632568,"z":3.430000066757202},"rotation":{"x":-0.03475495055317879,"y":0.9418784976005554,"z":-0.3178882896900177,"w":-0.10297616571187973},"size":1.8398635387420655,"orthographic":false}